{"A Classic Education - NightOwl": {"duration": 171.24, "std": 0.15485107898712158, "mean": 2.1760250092484057e-05}, "ANiMAL - Clinic A": {"duration": 237.849, "std": 0.12999768555164337, "mean": -0.003265657229349017}, "ANiMAL - Easy Tiger": {"duration": 205.458, "std": 0.11706913262605667, "mean": 0.000665814324747771}, "ANiMAL - Rockshow": {"duration": 165.497, "std": 0.1127697303891182, "mean": 7.897036266513169e-05}, "Actions - Devil's Words": {"duration": 196.608, "std": 0.14958864450454712, "mean": 0.0003039454750251025}, "Actions - One Minute Smile": {"duration": 163.372, "std": 0.13281762599945068, "mean": 0.0002207476645708084}, "Actions - South Of The Water": {"duration": 176.603, "std": 0.13618549704551697, "mean": -0.0005381309892982244}, "Aimee Norwich - Child": {"duration": 189.07, "std": 0.14917349815368652, "mean": -0.0009720745147205889}, "Alexander Ross - Goodbye Bolero": {"duration": 418.617, "std": 0.08989741653203964, "mean": -1.4702658518217504e-05}, "Alexander Ross - Velvet Curtain": {"duration": 514.288, "std": 0.06541048735380173, "mean": 2.4906496037147008e-05}, "Angela Thomas Wade - Milk Cow Blues": {"duration": 210.889, "std": 0.09687662869691849, "mean": -9.221537766279653e-05}, "Atlantis Bound - It Was My Fault For Waiting": {"duration": 268.037, "std": 0.10207849740982056, "mean": -0.000246693060034886}, "Auctioneer - Our Future Faces": {"duration": 207.683, "std": 0.13492263853549957, "mean": -0.00018477856065146625}, "AvaLuna - Waterduct": {"duration": 259.105, "std": 0.08122257143259048, "mean": -0.005373655818402767}, "BigTroubles - Phantom": {"duration": 146.736, "std": 0.1775175780057907, "mean": -1.7378933989675716e-05}, "Bill Chudziak - Children Of No-one": {"duration": 230.733, "std": 0.10862834751605988, "mean": 0.0006608871044591069}, "Black Bloc - If You Want Success": {"duration": 398.532, "std": 0.1094822809100151, "mean": -0.00028141975053586066}, "Celestial Shore - Die For Us": {"duration": 278.474, "std": 0.1250603049993515, "mean": -1.53691325976979e-05}, "Chris Durban - Celebrate": {"duration": 301.586, "std": 0.11957312375307083, "mean": -0.0004924528184346855}, "Clara Berry And Wooldog - Air Traffic": {"duration": 173.246, "std": 0.08674521744251251, "mean": 0.00011851761519210413}, "Clara Berry And Wooldog - Stella": {"duration": 195.542, "std": 0.10236918181180954, "mean": -5.774747478426434e-05}, "Clara Berry And Wooldog - Waltz For My Victims": {"duration": 175.231, "std": 0.08544009178876877, "mean": -3.7912748666713014e-05}, "Cnoc An Tursa - Bannockburn": {"duration": 294.501, "std": 0.13184882700443268, "mean": -0.000270422751782462}, "Creepoid - OldTree": {"duration": 302.008, "std": 0.11574916541576385, "mean": -9.039388532983139e-05}, "Dark Ride - Burning Bridges": {"duration": 232.648, "std": 0.15304002165794373, "mean": 3.186769026797265e-05}, "Dreamers Of The Ghetto - Heavy Love": {"duration": 294.786, "std": 0.11070041358470917, "mean": -1.4295992514234968e-05}, "Drumtracks - Ghost Bitch": {"duration": 356.894, "std": 0.09726295620203018, "mean": -2.178886097681243e-05}, "Faces On Film - Waiting For Ga": {"duration": 257.433, "std": 0.11873435229063034, "mean": -1.5829402400413528e-05}, "Fergessen - Back From The Start": {"duration": 168.546, "std": 0.09867483377456665, "mean": -4.452613211469725e-05}, "Fergessen - Nos Palpitants": {"duration": 198.211, "std": 0.0914563462138176, "mean": -0.00020497222431004047}, "Fergessen - The Wind": {"duration": 191.8, "std": 0.1221986711025238, "mean": -0.00021800611284561455}, "Flags - 54": {"duration": 315.144, "std": 0.10790020227432251, "mean": 7.886211096774787e-05}, "Giselle - Moss": {"duration": 201.689, "std": 0.0889582484960556, "mean": -0.0004094579489901662}, "Grants - PunchDrunk": {"duration": 204.402, "std": 0.12594668567180634, "mean": -1.5611467460985295e-05}, "Helado Negro - Mitad Del Mundo": {"duration": 181.651, "std": 0.11553579568862915, "mean": -3.0480166969937272e-05}, "Hezekiah Jones - Borrowed Heart": {"duration": 241.379, "std": 0.10647457838058472, "mean": -1.548492036818061e-05}, "Hollow Ground - Left Blind": {"duration": 159.09, "std": 0.13793615996837616, "mean": -2.6480733140488155e-05}, "Hop Along - Sister Cities": {"duration": 283.222, "std": 0.1334945559501648, "mean": -1.4250655112846289e-05}, "Invisible Familiars - Disturbing Wildlife": {"duration": 218.494, "std": 0.11801104992628098, "mean": -1.820518446038477e-05}, "James May - All Souls Moon": {"duration": 220.845, "std": 0.06650819629430771, "mean": -0.0001304858160438016}, "James May - Dont Let Go": {"duration": 241.943, "std": 0.09863048791885376, "mean": -2.833935104717966e-05}, "James May - If You Say": {"duration": 258.3, "std": 0.06390979886054993, "mean": -1.5880586943239905e-05}, "James May - On The Line": {"duration": 256.073, "std": 0.11660934239625931, "mean": 6.94634290994145e-05}, "Jay Menon - Through My Eyes": {"duration": 253.157, "std": 0.07401840388774872, "mean": -5.617481656372547e-05}, "Johnny Lokke - Promises & Lies": {"duration": 285.8, "std": 0.14802123606204987, "mean": -5.8507277572061867e-05}, "Johnny Lokke - Whisper To A Scream": {"duration": 255.318, "std": 0.1386779099702835, "mean": 3.5919863876188174e-05}, "Jokers, Jacks & Kings - Sea Of Leaves": {"duration": 191.452, "std": 0.12338709831237793, "mean": 9.823810250964016e-05}, "Leaf - Come Around": {"duration": 264.381, "std": 0.15609869360923767, "mean": 0.00018741704116109759}, "Leaf - Summerghost": {"duration": 231.8, "std": 0.10057520866394043, "mean": -0.0002609296643640846}, "Leaf - Wicked": {"duration": 190.622, "std": 0.09004200994968414, "mean": -0.0002087328175548464}, "Lushlife - Toynbee Suite": {"duration": 628.358, "std": 0.11939580738544464, "mean": -0.00011914464266737923}, "Matthew Entwistle - Dont You Ever": {"duration": 113.817, "std": 0.08984300494194031, "mean": -0.0018515094416216016}, "Meaxic - Take A Step": {"duration": 282.514, "std": 0.12984052300453186, "mean": -0.0004658937978092581}, "Meaxic - You Listen": {"duration": 412.514, "std": 0.0936259776353836, "mean": -0.00023338581377174705}, "Music Delta - 80s Rock": {"duration": 36.72, "std": 0.15714150667190552, "mean": -3.3742724099283805e-06}, "Music Delta - Beatles": {"duration": 36.174, "std": 0.1730528026819229, "mean": -0.00020553630020003766}, "Music Delta - Britpop": {"duration": 36.589, "std": 0.17500825226306915, "mean": -0.00033431174233555794}, "Music Delta - Country1": {"duration": 34.543, "std": 0.1308872103691101, "mean": -9.635545575292781e-05}, "Music Delta - Country2": {"duration": 17.255, "std": 0.14516301453113556, "mean": -8.506242011208087e-05}, "Music Delta - Disco": {"duration": 124.58, "std": 0.11910521984100342, "mean": 3.8550293538719416e-05}, "Music Delta - Gospel": {"duration": 75.537, "std": 0.16239702701568604, "mean": -0.00021754883346147835}, "Music Delta - Grunge": {"duration": 41.654, "std": 0.13215813040733337, "mean": -0.0004866988165304065}, "Music Delta - Hendrix": {"duration": 19.644, "std": 0.17153239250183105, "mean": 6.135158764664084e-05}, "Music Delta - Punk": {"duration": 28.563, "std": 0.1791873723268509, "mean": -1.8528953660279512e-05}, "Music Delta - Reggae": {"duration": 17.263, "std": 0.17489716410636902, "mean": -5.3950636356603354e-05}, "Music Delta - Rock": {"duration": 12.891, "std": 0.17236442863941193, "mean": -0.0001241049321833998}, "Music Delta - Rockabilly": {"duration": 25.749, "std": 0.15606722235679626, "mean": -0.0001356074499199167}, "Night Panther - Fire": {"duration": 212.796, "std": 0.1111033707857132, "mean": -0.0003063076292164624}, "North To Alaska - All The Same": {"duration": 247.943, "std": 0.08451395481824875, "mean": -3.760346953640692e-05}, "Patrick Talbot - A Reason To Leave": {"duration": 259.546, "std": 0.08471536636352539, "mean": -0.0001252168440259993}, "Patrick Talbot - Set Me Free": {"duration": 289.782, "std": 0.08717997372150421, "mean": -7.011368143139407e-05},